{"header__nav__extras":["cart","search"],"global__layout__width":{"width":"1170px","max-width":"90%"},"global__layout__background":{"color":"#ffffff"},"global__sidebar__dimension":{"width":"260px","margin":"80px"},"global__typography__body":{"family":"Space+Grotesk\/300,regular,500,600,700\/latin,latin-ext,vietnamese","style":"regular","color":"#424f65","size":"15px","lineHeight":"160%"},"global__typography__scheme":{"primary":"#111a45","accent":"#ff5100","light":"#e2e6ec","dark":"#424f65","grey":"rgba(17, 26, 69, 0.25)","yellow":"#fed700","orange":"#fe613f","red":"#fd0036","blue":"#5873F9","green":"#52d475","pink":"#dd154d","purple":"#41294a"},"header__topbar":"on","header__titlebar__titleFont":{"family":"Libre+Baskerville\/regular,italic,700\/latin,latin-ext","style":"regular","size":"","lineHeight":""},"header__sticky":"off","header__extras":["cart","search"],"header__topbar__text":"","global__social__icons":[{"icon":"slab-logo-fb-simple","title":"Facebook","url":"#"},{"icon":"slab-logo-twitter","title":"Twitter","url":"#"},{"icon":"slab-logo-envato","title":"Envato","url":"#"}],"header__sticky__shadow":"on","global__misc__gotop":"on","header__topbar__background":{"image":{"id":-1,"url":false},"color":"","repeat":"repeat","attachment":"scroll","position":"top left","x":"auto","y":"auto","size":"auto","width":"auto","height":"auto"},"global__typography__colors":{"a":"#ff5100","a:hover":"#111a45","a:visited":"","a:active, a:focus":""},"sliding__menuDesktop":"off","header__width":"off","header__sticky__logo":"logoDark","header__shadow":"on","blog__archive__gridGutter":"60","blog__archive__imagesize":"880x440","blog__archive__style":"list","blog__archive__excerptLength":"345","blog__archive__sidebarPosition":"right","blog__single__postMeta":"on","blog__single__postTags":"on","blog__single__postAuthor":"on","blog__single__sidebarPosition":"none","blog__related__gridColumns":"4","blog__related__count":"4","sliding__sidebarLable":"More","sliding__sidebarBackground":{"image":{"id":-1,"url":false},"color":"","repeat":"repeat","attachment":"scroll","position":"top left","x":"auto","y":"auto","size":"cover","width":"auto","height":"auto"},"header__sticky__style":"style1","header__sticky__width":"off","header__transparent":"on","input__typography":{"size":""},"input__background":"","input__border":{"all":{"size":"1px","style":"solid","color":""},"top":{"size":"","style":"none","color":""},"right":{"size":"","style":"none","color":""},"bottom":{"size":"","style":"none","color":""},"left":{"size":"","style":"none","color":""},"simplify":true},"input__height":"","button__typography":{"size":""},"button__height":"","button__border":{"all":{"size":"1px","style":"solid","color":"rgba(255, 255, 255, 0)"},"top":{"size":"","style":"none","color":""},"right":{"size":"","style":"none","color":""},"bottom":{"size":"","style":"none","color":""},"left":{"size":"","style":"none","color":""},"simplify":true},"header__style":"style1","footer__copyright__content":"Copyright \u00a9 2021 LineThemes. Designed and Developed by <a href=\"#\">LineThemes<\/a> only on <a href=\"#\">Envato Market.<\/a>","shop__gridColumns":"5","shop__gridGutter":"30","shop__sidebarPosition":"none","product__sidebarPosition":"none","global__typography__blockquote":{"family":"Libre+Baskerville\/regular,italic,700\/latin,latin-ext","style":"regular"},"sliding__menuStyle":"slide","sliding__menuBackground":{"repeat":"no-repeat","position":"top left","attachment":"scroll","size":"auto"},"header__titlebar__align":"center","header__titlebar__background":{"repeat":"no-repeat","position":"top left","attachment":"scroll","size":"auto"},"footer__widgets__background":{"repeat":"no-repeat","position":"top left","attachment":"scroll","size":"auto"},"footer__copyright__background":{"repeat":"no-repeat","position":"top left","attachment":"scroll","size":"auto"},"shop__paginate":"15","header__titlebar__scrolldown":"on","header__titlebar__backgroundFeatured":["page"]}